create table Deposit(ActNo int,CName varchar(50),BName Varchar(50),Amount decimal(8,2),ADate datetime)

--Deposite Table Data Insert--
INSERT INTO Deposit values(101,'ANIL','VRCE',1000,'1995-3-1')
INSERT INTO Deposit values(102,'SUNIL','AJNI',5000,'1996-1-4')
INSERT INTO Deposit values(103,'MEHUL','KAROLBAGH',3500,'1995-11-17')
INSERT INTO Deposit values(104,'MADHURI','CHANDI',1200,'1995-12-17')
INSERT INTO Deposit values(105,'PRMOD','M.G.ROAD',3000,'1996-3-27')
INSERT INTO Deposit values(106,'SANDIP','ANDHERI',2000,'1996-3-31')
INSERT INTO Deposit values(107,'SHIVANI','VIRAR',1000,'1995-9-5')
INSERT INTO Deposit values(108,'KRANTI','NEHRU PLACE',5000,'1995-7-2')
INSERT INTO Deposit values(109,'MINU','POWAI',7000,'1995-8-10')

select * From Deposit



--Branch Table--

create table BRANCH(BNAME varchar(50),CITY varchar(50))

INSERT INTO BRANCH values('VRCE','NAGPUR')
INSERT INTO BRANCH values('AJNI','NAGPUR')
INSERT INTO BRANCH values('KAROLBAGH','DELHI')
INSERT INTO BRANCH values('CHANDI','DELHI')
INSERT INTO BRANCH values('DHARAMPETH','NAGPUR')
INSERT INTO BRANCH values('M.G.ROAD','BANGLORE')
INSERT INTO BRANCH values('ANDHERI','BOMBAY')
INSERT INTO BRANCH values('VIRAR','BOMBAY')
INSERT INTO BRANCH values('NEHRU PLACE','DELHI')
INSERT INTO BRANCH values('POWAI','BOMBAY')

--customer--

create table CUSTOMERS(CNAME varchar(50),CITY varchar(50))

INSERT INTO CUSTOMERS values('ANIL','CALCUTTA')
INSERT INTO CUSTOMERS values('SUNIL','DELHI')
INSERT INTO CUSTOMERS values('MEHUL','BARODA')
INSERT INTO CUSTOMERS values('MANDAR','PATNA')
INSERT INTO CUSTOMERS values('MADHURI','NAGPUR')
INSERT INTO CUSTOMERS values('PRMOD','NAGPUR')
INSERT INTO CUSTOMERS values('SANDIP','SURAT')
INSERT INTO CUSTOMERS values('SHIVANI','BOMBAY')
INSERT INTO CUSTOMERS values('KRANTI','BOMBAY')
INSERT INTO CUSTOMERS values('NAREN','BOMBAY')

--borrow---

